Index,First Name,Last Name,Email,,,,,,,
1,Andrew,Goodman,marieyates@gomez-spencer.info,,,,,,,
2,Alvin,Lane,alexandra86@mccoy.com,,,,,,,
3,Jenna,Harding,justincurtis@pierce.org,,,,,,,
4,Fernando,Ford,adeleon@hubbard.org,,,,,,,
5,Kara,Woods,jesus90@roberson.info,,,,,,,
6,Marissa,Gamble,katieallison@leonard.com,,,,,,,
7,Julie,Cooley,priscilla88@stephens.info,,,,,,,
8,Lauren,Villa,colehumphrey@austin-caldwell.com,,,,,,,
9,Emily,Bryant,buckyvonne@church-lutz.com,,,,,,,
10,Marie,Estrada,christie44@mckenzie.biz,,,,,,,
11,Nichole,Cannon,blandry@henson-harris.biz,,,,,,,
12,Bernard,Ritter,tammiepope@arroyo-baldwin.com,,,,,,,
13,Darryl,Archer,woodalejandro@skinner-sloan.biz,,,,,,,
14,Ryan,Li,lmassey@duke.com,,,,,,,
15,Vicki,Nunez,zgrant@sweeney.com,,,,,,,
16,Sean,Townsend,lkline@maxwell.info,,,,,,,
17,Sophia,Mathis,brockmason@faulkner-may.com,,,,,,,
18,Helen,Potts,carrollmia@donovan-keith.com,,,,,,,
19,Joann,Finley,gabriela86@sampson.com,,,,,,,
20,Thomas,Walsh,timcoleman@frank-king.org,,,,,,,
21,Cristina,Lam,charlotte16@hood-zhang.org,,,,,,,
22,Vicki,Heath,alan46@benjamin.com,,,,,,,
23,Glenn,Wang,anna80@mata.com,,,,,,,
24,Darius,Benitez,garrettdurham@olsen.com,,,,,,,
25,Xavier,Cruz,andersongrant@pugh.com,,,,,,,
26,Douglas,Galloway,caleb11@velazquez.com,,,,,,,
27,Phyllis,Becker,darrylshort@bright-tucker.com,,,,,,,
28,Ebony,Murphy,vpowers@moyer.com,,,,,,,
29,Tyler,Stevenson,mmayo@gilbert.com,,,,,,,
30,Cesar,Bernard,damon31@grant-morrison.com,,,,,,,
31,Darrell,Santos,hdaniels@mason.com,,,,,,,
32,Amanda,Santiago,emmarasmussen@roman-walter.biz,,,,,,,
33,Marcus,Mcdonald,cesar71@vang-wagner.com,,,,,,,
34,Lauren,Montes,hodgebrenda@roach-winters.com,,,,,,,
35,Brent,Hinton,greg77@patel.biz,,,,,,,
36,Jill,Mayo,brandypowers@christensen.com,,,,,,,
37,Herbert,Byrd,gilloscar@webb.com,,,,,,,
38,Don,Krueger,trevor14@harvey.com,,,,,,,
39,Cheryl,Gonzales,yvette30@haas-oneill.org,,,,,,,
40,Rickey,Mays,cmcdowell@riley-wolf.org,,,,,,,
41,Cassidy,Dillon,patrick43@stout.com,,,,,,,
42,Christina,Bautista,phenry@tate.biz,,,,,,,
43,Alexandra,Castro,swalters@harvey.biz,,,,,,,
44,Krystal,Mendoza,mjackson@david.com,,,,,,,
45,Ivan,Schroeder,qgeorge@singh.com,,,,,,,
46,Stephanie,Bradshaw,debbie56@baker-olsen.com,,,,,,,
47,Levi,Grimes,robertmarks@willis.com,,,,,,,
48,Peter,Sosa,frederick02@gross.com,,,,,,,
49,Valerie,Haney,yowens@erickson-charles.com,,,,,,,
50,Tom,Gardner,darin81@callahan.com,,,,,,,
51,Randall,Galloway,stuart07@reid.com,,,,,,,
52,Perry,Whitaker,jennynorton@randall.org,,,,,,,
53,Gloria,Mosley,escobardeanna@sawyer-obrien.info,,,,,,,
54,Cameron,Little,stephen57@sellers.com,,,,,,,
55,Glen,Gonzalez,jschmidt@gardner-maldonado.com,,,,,,,
56,Melvin,Day,sheila46@ewing.org,,,,,,,
57,Kent,Salinas,dustindelgado@west-khan.com,,,,,,,
58,Stacey,Martinez,mikayla38@lawson-dougherty.com,,,,,,,
59,Jennifer,Fleming,stoutalexandria@meza.com,,,,,,,
60,Teresa,Oconnell,hhahn@cantrell.net,,,,,,,
61,Bruce,Bass,gvang@woods.info,,,,,,,
62,Sarah,Sweeney,lauren93@daniel-farley.com,,,,,,,
63,Eddie,Salinas,franklinweiss@porter.net,,,,,,,
64,Trevor,Rowland,simpsonraven@liu.com,,,,,,,
65,Marcus,Chang,deborah61@wagner.com,,,,,,,
66,Sabrina,Roberts,brittneypotter@boyd-compton.com,,,,,,,
67,Norman,French,spearsfrank@mclean.com,,,,,,,
68,Lonnie,Novak,manuel48@raymond.net,,,,,,,
69,Casey,Bauer,marilynbender@daugherty.net,,,,,,,
70,David,Goodman,ylutz@sawyer.com,,,,,,,
71,Garrett,Rosario,christiegeorge@dominguez.com,,,,,,,
72,Colin,Vaughan,wilsonyvonne@mcmillan.com,,,,,,,
73,Maxwell,Griffin,priscillaharrell@glass.com,,,,,,,
74,Diamond,Barnett,gibbsemily@fisher.biz,,,,,,,
75,Kellie,Munoz,lynnbooth@leach-lang.com,,,,,,,
76,Sandy,Finley,hmora@brock.com,,,,,,,
77,Katelyn,Petersen,santosebony@foley.com,,,,,,,
78,Neil,Murray,englishstefanie@braun.com,,,,,,,
79,Carlos,Wilcox,toddlove@rogers.info,,,,,,,
80,Adrienne,Lamb,butlerroberta@mullen-pittman.net,,,,,,,
81,Traci,Levy,camposherbert@lang.com,,,,,,,
82,Tammy,Harmon,abigail05@mckee.info,,,,,,,
83,Nicholas,Arias,boonealex@cardenas.info,,,,,,,
84,Sydney,Solis,ortegashane@li.com,,,,,,,
85,Jody,Beltran,fritzandres@morales.biz,,,,,,,
86,Autumn,Choi,varmstrong@braun.org,,,,,,,
87,Chelsey,Boyer,jonathon78@werner.com,,,,,,,
88,Trevor,Key,bunderwood@owen.com,,,,,,,
89,Bridget,Molina,jcochran@burgess-costa.com,,,,,,,
90,Calvin,Rocha,riveraisabel@harmon.net,,,,,,,
91,Austin,Matthews,stanleymeagan@gilmore-newton.com,,,,,,,
92,Molly,Murphy,kathyhuff@white-liu.com,,,,,,,
93,Jeremy,Haynes,lawsonmicheal@atkins.com,,,,,,,
94,Don,Henry,diamondhinton@mccormick.biz,,,,,,,
95,Dakota,Bowman,branchmegan@dougherty.com,,,,,,,
96,Manuel,Maynard,xingram@le.com,,,,,,,
97,Howard,Simmons,ronnie03@bird-hood.com,,,,,,,
98,Jeffery,Wall,wanda50@webster.com,,,,,,,
99,Colleen,Estes,tricia22@barrera.com,,,,,,,
100,Bianca,Henry,alan83@olson.com,,,,,,,
101,Michelle,Good,yeseniacallahan@hinton.com,,,,,,,
102,Eileen,Skinner,julian74@ritter-mccoy.info,,,,,,,
103,Kyle,Richmond,adriennecarson@gallagher-mckinney.org,,,,,,,
104,Omar,Davies,hreid@jordan-pena.com,,,,,,,
105,Chelsea,Giles,sharon31@stanley.info,,,,,,,
106,Pam,Crane,luisreynolds@caldwell.com,,,,,,,
107,Sandy,Kaufman,carlaburton@tran-wu.info,,,,,,,
108,Madison,Clark,ikeith@richards.com,,,,,,,
109,Leah,Coffey,felicia85@joseph.com,,,,,,,
110,Julie,Montgomery,jose39@huber.com,,,,,,,
111,Darrell,Small,boyerjoy@gross-meadows.info,,,,,,,
112,Andrew,Bolton,meghanharmon@travis.biz,,,,,,,
113,Jaime,Hayden,mrowe@forbes-holmes.org,,,,,,,
114,Logan,Carney,rebecca89@marquez.net,,,,,,,
115,Pedro,Franco,hunterjenkins@cervantes.com,,,,,,,
116,Daryl,Meza,conneraaron@bryant.net,,,,,,,
117,Haley,Levine,hamiltongreg@perkins.com,,,,,,,
118,Caitlyn,Vazquez,ebush@jimenez.com,,,,,,,
119,Keith,Combs,tommy24@wong-ray.com,,,,,,,
120,Hayden,Cline,kristinebaldwin@holloway-sharp.com,,,,,,,
121,Jeanette,Sanford,daviesmatthew@turner.com,,,,,,,
122,Brandon,Richmond,fmcgee@foster.com,,,,,,,
123,Latasha,Miller,wcarter@ali.info,,,,,,,
124,Shaun,Luna,mshaw@cantu-le.net,,,,,,,
125,Allen,Mayer,danielsalinas@deleon.com,,,,,,,
126,Yvonne,Jordan,mercedes83@gill.org,,,,,,,
127,Joanne,Miranda,fernandoshaw@goodwin.org,,,,,,,
128,Jaclyn,Rice,tamara04@tate.biz,,,,,,,
129,Glen,Conway,don46@freeman.net,,,,,,,
130,Stacey,Travis,ygarcia@andrade.com,,,,,,,
131,Courtney,Hughes,gary98@carpenter-nelson.com,,,,,,,
132,Raven,Nelson,fashley@burns-mckenzie.com,,,,,,,
133,Kyle,Odonnell,ywise@winters.net,,,,,,,
134,Sherry,Ponce,vjacobson@perkins-dunlap.net,,,,,,,
135,Kirk,Villa,parkroy@baxter.com,,,,,,,
136,Luke,Lucas,masonshelley@freeman.org,,,,,,,
137,Lynn,Tran,marisa90@huynh.com,,,,,,,
138,Brian,Beasley,stephensmike@bartlett-wade.com,,,,,,,
139,Christopher,Savage,debbieramos@davies-washington.biz,,,,,,,
140,Dominique,Mckinney,felicia57@fletcher.com,,,,,,,
141,Dwayne,Crane,logan04@hines.biz,,,,,,,
142,Autumn,Cuevas,jeffreyharding@johnson.com,,,,,,,
143,Gregory,Collins,tina43@hayes-johnson.com,,,,,,,
144,Isaac,Schmidt,paulakane@singh.com,,,,,,,
145,Bradley,Rangel,underwoodangel@gallagher.info,,,,,,,
146,Paige,Page,aodonnell@prince.com,,,,,,,
147,Gwendolyn,Bradshaw,eugene43@mccall.com,,,,,,,
148,Belinda,Ferguson,billspears@harmon.org,,,,,,,
149,Ivan,Hines,tflowers@salinas.org,,,,,,,
150,Brett,Lin,stokespamela@koch.com,,,,,,,
151,Katherine,Williams,jorozco@hinton-klein.org,,,,,,,
152,Andre,Burgess,mayerlynn@haas-santos.org,,,,,,,
153,Laura,Decker,vstuart@fowler-novak.com,,,,,,,
154,Tommy,Herman,spencejennifer@bowman-pena.com,,,,,,,
155,Amber,Lyons,betty81@shields.org,,,,,,,
156,Shelia,Yang,cynthia09@vang.com,,,,,,,
157,Russell,Martin,cody74@cochran-keith.com,,,,,,,
158,Yvette,Willis,neil44@barron.com,,,,,,,
159,Don,Ho,rwallace@shepherd-mcdowell.com,,,,,,,
160,Ellen,Torres,carla57@roberts.com,,,,,,,
161,Hayley,Morse,fchung@montes.com,,,,,,,
162,Ellen,Kerr,vnoble@mooney.org,,,,,,,
163,Martha,Cruz,collinsalejandro@arroyo.com,,,,,,,
164,Douglas,Carson,ethanle@gibson.com,,,,,,,
165,Toni,Cline,kyleramos@lee.com,,,,,,,
166,Robyn,Berger,amatthews@owens.com,,,,,,,
167,Calvin,Roach,kathleenbrewer@sweeney.com,,,,,,,
168,Angel,Park,masonadriana@price.com,,,,,,,
169,Bradley,Delacruz,khendrix@powers-levine.biz,,,,,,,
170,Donald,Cross,srodriguez@hester.info,,,,,,,
171,Jeremiah,Guerrero,mosskevin@perkins.com,,,,,,,
172,Perry,Trujillo,geoffrey16@gentry.com,,,,,,,
173,Brent,Beasley,bettymckinney@houston.com,,,,,,,
174,Ariana,Velasquez,makayla22@carey-james.com,,,,,,,
175,Don,Vincent,jarvislarry@lang.info,,,,,,,
176,Bradley,Blair,masseyriley@blanchard.com,,,,,,,
177,Henry,Conway,qrusso@le.com,,,,,,,
178,Norman,Waters,meganwilkinson@bird-anderson.com,,,,,,,
179,Breanna,Miranda,claytoncastillo@schroeder.org,,,,,,,
180,Seth,Osborne,xcoleman@farrell-bernard.com,,,,,,,
181,Lydia,Ponce,lauramorris@anthony-bullock.com,,,,,,,
182,Sherri,Bradshaw,mossangela@farmer.com,,,,,,,
183,Alejandra,Lowe,andre80@dodson.net,,,,,,,
184,Raymond,Bernard,adam45@tanner.com,,,,,,,
185,Patricia,Moss,pfleming@french.com,,,,,,,
186,Hector,Meyers,bowersjessica@arellano-hart.com,,,,,,,
187,Pedro,Zhang,barronsergio@valencia-proctor.com,,,,,,,
188,Marco,Donaldson,holmesdwayne@sheppard.biz,,,,,,,
189,Shannon,Yoder,laura10@romero.com,,,,,,,
190,Brian,Downs,dcombs@mcneil.org,,,,,,,
191,Dillon,Cooley,cody25@watkins.com,,,,,,,
192,Joyce,Chaney,joannarusso@nelson.com,,,,,,,
193,Angelica,Schaefer,mark43@stevenson-garcia.com,,,,,,,
194,Marcia,Horton,mcdowelljenna@beck-lewis.com,,,,,,,
195,Sydney,Barr,carlosstewart@deleon-griffith.com,,,,,,,
196,Jay,Hodge,fvillarreal@brewer-pena.com,,,,,,,
197,Angela,Jackson,arthurpetersen@bolton.info,,,,,,,
198,Bethany,Barrera,rhonda48@castro.info,,,,,,,
199,Cindy,Valenzuela,maryforbes@oliver-mills.com,,,,,,,
200,Christine,Camacho,aguirrenatalie@randolph-moore.com,,,,,,,
201,Tyrone,Hendrix,javierbarron@mcclure.com,,,,,,,
202,Roy,Gould,fmoore@vega.com,,,,,,,
203,Matthew,Mann,summer05@harrison-bowen.info,,,,,,,
204,Taylor,Torres,ihuerta@lutz.info,,,,,,,
205,Hannah,Waller,gouldruth@novak-dunlap.com,,,,,,,
206,Randy,Cannon,pcampos@lloyd-leblanc.info,,,,,,,
207,Adrienne,Hunter,lindsay75@levy-valentine.com,,,,,,,
208,Raven,Weaver,hutchinsonmartin@shelton-burnett.com,,,,,,,
209,Isaac,Murillo,schmittstephen@elliott.biz,,,,,,,
210,Kelly,Branch,alexandranguyen@carr-gray.net,,,,,,,
211,Chelsey,Larson,katrinarasmussen@craig.com,,,,,,,
212,Rick,Marquez,josephflynn@rivers.com,,,,,,,
213,Tricia,Mckee,gabriela43@wilson-stanton.biz,,,,,,,
214,Rebecca,Blake,brownvalerie@wade.net,,,,,,,
215,Dan,Mcmillan,martin28@gibbs-whitney.biz,,,,,,,
216,Sabrina,Hill,omiles@mcdowell.com,,,,,,,
217,Victoria,Walter,melanie66@townsend.com,,,,,,,
218,Jorge,Hendrix,cbates@walker.com,,,,,,,
219,Jodi,Fox,ashley25@lutz-arellano.biz,,,,,,,
220,Sara,Vargas,erikdalton@hines.org,,,,,,,
221,Cynthia,Johns,sellersmarvin@henry.com,,,,,,,
222,Jordan,Hanna,davidchoi@kim.net,,,,,,,
223,Maurice,Ramsey,zturner@jimenez-wells.biz,,,,,,,
224,Catherine,Nicholson,bdelgado@henry.com,,,,,,,
225,Sean,Todd,uwarner@meza-carrillo.com,,,,,,,
226,Lacey,Bond,glenncook@king-garner.com,,,,,,,
227,Katelyn,Wise,ndougherty@bentley-lutz.com,,,,,,,
228,Christine,Bowers,jmorrow@campbell.info,,,,,,,
229,Adam,Levy,pcuevas@hancock.org,,,,,,,
230,Hayley,Ellison,ameza@cobb-poole.com,,,,,,,
231,Vernon,Warner,tzimmerman@moore.com,,,,,,,
232,Fernando,Townsend,kelly08@miller.net,,,,,,,
233,Walter,Parsons,pboyer@lambert.com,,,,,,,
234,Brady,Hill,yhaley@beasley-boyle.com,,,,,,,
235,Loretta,Rice,poncejackie@mooney-allison.com,,,,,,,
236,Hannah,Beck,reyespaula@velazquez-gillespie.com,,,,,,,
237,Jocelyn,Stephens,velazquezchloe@fitzpatrick-byrd.com,,,,,,,
238,Benjamin,Chan,kari54@short.com,,,,,,,
239,Caroline,Clarke,amckenzie@leonard-newman.com,,,,,,,
240,Cameron,Forbes,marie76@molina.org,,,,,,,
241,Wyatt,Mclean,ckrueger@cervantes.com,,,,,,,
242,Kendra,Waters,tracey11@carney.com,,,,,,,
243,Tom,Bradley,terriblack@huffman-burnett.com,,,,,,,
244,Adrian,Frazier,ballfernando@miranda.com,,,,,,,
245,Beverly,Kirby,valentinecarmen@michael.com,,,,,,,
246,Priscilla,Stuart,jessehernandez@holder.org,,,,,,,
247,Roberto,Hogan,christiangriffith@newman.com,,,,,,,
248,Victor,Rogers,tannerbrandi@duarte.biz,,,,,,,
249,Alisha,Gallegos,bernard01@hammond-delacruz.net,,,,,,,
250,Stefanie,Fuller,bonnievilla@briggs.com,,,,,,,
251,Jackson,Grimes,fullercarly@wells.biz,,,,,,,
252,Miranda,Robles,sgarza@thompson.com,,,,,,,
253,Gilbert,Bowers,sfields@sexton-archer.com,,,,,,,
254,Jon,Gay,hmelendez@jenkins-ingram.org,,,,,,,
255,Julia,Davila,ericafrederick@beasley.org,,,,,,,
256,Aaron,Potts,kathryn22@patel-gross.com,,,,,,,
257,Rachael,Jimenez,romerotricia@chung.org,,,,,,,
258,Lucas,Macdonald,masseykathryn@sawyer.com,,,,,,,
259,Kristopher,Sanders,eperry@yates.com,,,,,,,
260,Alexandria,Hutchinson,coffeymichele@hawkins-morrison.org,,,,,,,
261,Natasha,Schmitt,kelliewaters@fox.com,,,,,,,
262,Jose,Acosta,brooke89@carson.biz,,,,,,,
263,Cassidy,Dominguez,omcfarland@lin-atkinson.biz,,,,,,,
264,Debbie,Savage,vsingleton@huynh.info,,,,,,,
265,Felicia,Burnett,stevensonbeverly@huerta.com,,,,,,,
266,Hayley,Gutierrez,janice91@stanley.com,,,,,,,
267,Melinda,Parrish,burchlee@atkins.info,,,,,,,
268,Jeremy,Keith,udurham@singleton-lewis.com,,,,,,,
269,James,Washington,jacksondana@baird.com,,,,,,,
270,Karen,Leblanc,poneill@cameron.com,,,,,,,
271,Ivan,Malone,seanhiggins@whitney.biz,,,,,,,
272,Jesus,Cox,aaronmorse@shepard.org,,,,,,,
273,Michelle,Lowery,hthompson@fritz-sparks.com,,,,,,,
274,Paul,Meyers,smckay@escobar.com,,,,,,,
275,Eileen,Graves,ddean@gray.com,,,,,,,
276,Christian,Jennings,brett70@juarez-christian.com,,,,,,,
277,Don,Hendrix,zcopeland@arias.com,,,,,,,
278,Dominique,Summers,traceyreynolds@wilson.com,,,,,,,
279,Wayne,Anderson,sheila72@pollard.biz,,,,,,,
280,Chloe,Franklin,suarezbarbara@cross-baird.info,,,,,,,
281,Carolyn,Hendrix,huntercathy@henry.com,,,,,,,
282,Isaiah,Buckley,haaszachary@holmes.com,,,,,,,
283,Gina,Townsend,claudia60@farrell-rivas.net,,,,,,,
284,Stefanie,Grant,franciscogomez@klein.com,,,,,,,
285,Cole,Combs,sdunn@newton.com,,,,,,,
286,Suzanne,Pope,melinda13@andrade-acosta.com,,,,,,,
287,Gabriel,Green,qballard@fitzpatrick.com,,,,,,,
288,Jeanne,Atkinson,holderloretta@phillips-hays.com,,,,,,,
289,Lindsay,Ferguson,marquezhaley@oliver-figueroa.info,,,,,,,
290,Ronald,Byrd,danielle48@pollard.com,,,,,,,
291,Marco,Holden,maureen60@chapman-duran.com,,,,,,,
292,Isabel,English,epatel@ochoa-hoffman.com,,,,,,,
293,Nichole,Green,jpacheco@lynn.org,,,,,,,
294,Joann,Gonzales,earlhawkins@fernandez.com,,,,,,,
295,Francis,Miller,kristidaugherty@burch.info,,,,,,,
296,Stuart,Valdez,michelleodom@mcconnell.com,,,,,,,
297,Tricia,Berg,alimelissa@montes-poole.com,,,,,,,
298,Roger,Bauer,joanne05@barron-perkins.org,,,,,,,
299,Tanner,Hernandez,sheri28@pollard-drake.org,,,,,,,
300,Ellen,Cisneros,whughes@daniel.com,,,,,,,
301,Latasha,Hancock,colleen53@taylor.com,,,,,,,
302,Jenna,Lamb,frenchcaroline@chavez.com,,,,,,,
303,Francis,Ball,robinlove@mckinney.com,,,,,,,
304,Jade,Archer,afitzpatrick@bartlett.org,,,,,,,
305,Zachary,Parker,willie12@norris-pennington.com,,,,,,,
306,Karen,Kent,vfletcher@pineda.com,,,,,,,
307,Joshua,Dalton,msellers@fisher.net,,,,,,,
308,Kiara,Ashley,norma73@martin.com,,,,,,,
309,Doris,Greene,pjones@prince-blackburn.com,,,,,,,
310,Helen,Kaiser,jmay@osborn.com,,,,,,,
311,Ariel,Francis,gcarter@rollins.net,,,,,,,
312,Heidi,Singleton,tkelley@richardson.com,,,,,,,
313,Guy,Keller,kleinmarilyn@frost-baird.biz,,,,,,,
314,Meghan,Moses,xcannon@leblanc-hays.com,,,,,,,
315,Jodi,Moran,wsmall@jennings.com,,,,,,,
316,Heather,York,jesse32@ingram-paul.com,,,,,,,
317,Gail,Salazar,alvinbeck@petersen.net,,,,,,,
318,Tammy,Cantu,crystal44@holder-berger.com,,,,,,,
319,Olivia,Mcgrath,claytonday@drake.com,,,,,,,
320,Michele,Case,isaachawkins@brock.net,,,,,,,
321,Matthew,Brock,kendramyers@moses.biz,,,,,,,
322,Jenna,Henry,xzamora@rogers.net,,,,,,,
323,Kristina,Hunter,bonnie63@potter-combs.com,,,,,,,
324,Shirley,Bowman,nicholasvaldez@wall.com,,,,,,,
325,Allison,Walter,ypage@pittman.com,,,,,,,
326,Frances,Beltran,manuelfoster@carr-nunez.com,,,,,,,
327,Bailey,Waters,jillian22@wyatt-olsen.net,,,,,,,
328,Jeanne,Horn,murillobrittney@johnston-brady.com,,,,,,,
329,Jermaine,Hodges,barry83@beltran-tyler.biz,,,,,,,
330,Jeremy,Clayton,bethmerritt@maynard.com,,,,,,,
331,Tracey,Hardy,lesterguy@figueroa-molina.com,,,,,,,
332,Leslie,Mcmahon,destiny13@cline.com,,,,,,,
333,Peter,Moore,traciliu@forbes.com,,,,,,,
334,Ian,Krueger,uvaughn@gardner.com,,,,,,,
335,Crystal,Choi,usutton@harmon-davenport.info,,,,,,,
336,Lydia,Peterson,obarr@padilla-moore.info,,,,,,,
337,Douglas,Waters,keithwilkins@adams.com,,,,,,,
338,Tonya,Bond,dianemonroe@gibbs.com,,,,,,,
339,Caleb,Henson,whitneymason@dunn.com,,,,,,,
340,Tristan,Lynch,cassie84@fletcher.com,,,,,,,
341,Tami,Mendoza,lwolfe@chavez-morse.biz,,,,,,,
342,Leslie,Howe,susan82@prince.net,,,,,,,
343,Luke,Perez,crandall@levine.com,,,,,,,
344,Gina,Rowe,carolinehunt@rowe-olson.com,,,,,,,
345,Darius,Riggs,smcintyre@jordan.com,,,,,,,
346,Hailey,Hart,regina66@ochoa.com,,,,,,,
347,Larry,Paul,russell17@chavez-schwartz.com,,,,,,,
348,Krystal,Woods,hudsonjoan@mora.net,,,,,,,
349,Tabitha,Reilly,michealwhite@krause.com,,,,,,,
350,Roberta,Quinn,ekoch@myers.com,,,,,,,
351,Reginald,Pitts,robertsonnatasha@peterson.info,,,,,,,
352,Jesus,Rogers,frencheddie@contreras.org,,,,,,,
353,Roberto,Roy,gnovak@haley.com,,,,,,,
354,Jillian,Mccullough,lorettamoreno@kerr.net,,,,,,,
355,Alan,Valenzuela,mccannmallory@parsons.com,,,,,,,
356,Kristy,Dixon,jacob13@mccann.com,,,,,,,
357,Henry,Holland,benitezgina@downs-holden.com,,,,,,,
358,Diana,Cox,crystal25@spence.com,,,,,,,
359,Sara,Middleton,mcconnellglenn@gay-boyer.org,,,,,,,
360,Jade,Jimenez,jaime61@wilson.com,,,,,,,
361,Carmen,Mcclain,tsummers@dixon-vega.com,,,,,,,
362,Wanda,Sanchez,wnash@sims.net,,,,,,,
363,Valerie,Wilcox,jeanette40@banks.com,,,,,,,
364,Chloe,Hurst,smitchell@harmon.com,,,,,,,
365,Virginia,Goodman,dawn64@brock.com,,,,,,,
366,Erin,Woods,bholloway@curtis-blevins.com,,,,,,,
367,Cassidy,Bruce,dwaynespence@kramer.com,,,,,,,
368,Sally,Hinton,rose26@navarro.biz,,,,,,,
369,Jessica,Randolph,kayleehenderson@tapia.com,,,,,,,
370,Kelly,Hogan,billmata@hatfield.com,,,,,,,
371,Derek,Chung,grahamevan@wright.com,,,,,,,
372,Shirley,York,flemingcindy@dominguez.net,,,,,,,
373,Cody,Potts,fischerselena@novak-fitzgerald.biz,,,,,,,
374,Erin,Gill,dixonmelissa@brooks.com,,,,,,,
375,Nicole,Vargas,hrobinson@estrada.com,,,,,,,
376,Sharon,Mack,cristian24@hebert.net,,,,,,,
377,Monica,Lopez,terrance86@orozco.net,,,,,,,
378,April,Jones,taylor78@roberson-cline.com,,,,,,,
379,Johnny,Reeves,moyeralejandra@ball.com,,,,,,,
380,Brandi,Owens,karadrake@harris.com,,,,,,,
381,Max,Rasmussen,shawriley@rasmussen.com,,,,,,,
382,Christian,Moore,moralesleslie@scott.com,,,,,,,
383,Tyrone,Holloway,wdyer@mayo.net,,,,,,,
384,Victor,Ferguson,savannahglenn@ward.com,,,,,,,
385,Logan,Carroll,cummingsjo@shea.info,,,,,,,
386,Alexis,Hawkins,lcox@hensley.biz,,,,,,,
387,Diane,Reid,ballmartha@salazar-escobar.com,,,,,,,
388,Dylan,Sweeney,allisonstanton@mcpherson.net,,,,,,,
389,Craig,Gonzales,chungneil@flowers.info,,,,,,,
390,Jill,Cardenas,teresa89@wallace.com,,,,,,,
391,Timothy,Chambers,sean10@fletcher.com,,,,,,,
392,Jaime,Terrell,ssutton@schroeder.info,,,,,,,
393,Alejandro,Hancock,orobbins@bradford.com,,,,,,,
394,Gregg,Rodriguez,bernard04@evans-cooley.net,,,,,,,
395,Deanna,Pacheco,courtney52@farley.org,,,,,,,
396,Mariah,Barton,rangelbrad@oconnor.org,,,,,,,
397,Valerie,Branch,jennifershannon@lane.net,,,,,,,
398,Jonathan,Norman,chubbard@haney.com,,,,,,,
399,Samuel,Drake,xholden@walsh.com,,,,,,,
400,Riley,Aguirre,pattonsydney@graham.com,,,,,,,
401,Jermaine,Baker,atkinsonheather@sutton.com,,,,,,,
402,Holly,Hartman,tinakerr@aguilar.info,,,,,,,
403,Haley,Frost,snyderfred@santiago.info,,,,,,,
404,Lindsay,Crane,xgordon@king-terry.com,,,,,,,
405,Adriana,Bartlett,makaylalove@foley-rodriguez.net,,,,,,,
406,Bethany,Ruiz,caleb30@mccann.com,,,,,,,
407,Gabriel,Weaver,rellis@blankenship.com,,,,,,,
408,Jimmy,Heath,allenwalter@escobar.biz,,,,,,,
409,Craig,Powers,donnasandoval@sellers.com,,,,,,,
410,Colin,Howard,manningsuzanne@osborn.net,,,,,,,
411,Edgar,Zhang,rbradley@buchanan-rogers.com,,,,,,,
412,Carolyn,Lucero,ihawkins@tanner.com,,,,,,,
413,Tonya,Parsons,singhfrank@castillo-horne.org,,,,,,,
414,Marc,Small,michaelcandice@booker-hall.com,,,,,,,
415,Dakota,Elliott,goodmanhayden@marquez-fritz.biz,,,,,,,
416,Hector,Barry,ofriedman@gonzalez.com,,,,,,,
417,Morgan,Wells,alec48@copeland.com,,,,,,,
418,Maxwell,Glenn,stefanie43@hooper.com,,,,,,,
419,Melody,Young,brichard@cervantes.com,,,,,,,
420,Alejandro,Sutton,jillrichmond@pugh-roach.com,,,,,,,
421,Jermaine,Banks,wilkinsondaisy@chaney.com,,,,,,,
422,Terry,Woodward,mcculloughkylie@ford.com,,,,,,,
423,Tanner,Cherry,melvin55@marks.net,,,,,,,
424,Troy,Elliott,ezamora@burke.org,,,,,,,
425,Barry,Rubio,brad79@powell.org,,,,,,,
426,Samantha,Lutz,collin50@wilkinson.net,,,,,,,
427,Wendy,Trevino,christyconway@reid.com,,,,,,,
428,Greg,Mcneil,anitadorsey@mccarthy.biz,,,,,,,
429,Rita,Hutchinson,friedmandean@hodge.info,,,,,,,
430,Rose,Robertson,downsjackie@cole-orr.com,,,,,,,
431,Paige,Aguirre,robertsmelanie@swanson-willis.net,,,,,,,
432,Xavier,Terry,shamilton@wheeler-jensen.biz,,,,,,,
433,Michaela,Thornton,raysimon@smith.com,,,,,,,
434,Kyle,Rojas,donaldsongina@underwood.com,,,,,,,
435,Devin,Baxter,ubennett@mckenzie-farley.info,,,,,,,
436,Omar,Farmer,aowens@arnold.com,,,,,,,
437,Desiree,Vang,leeeileen@peterson.com,,,,,,,
438,Fernando,Wade,frederick82@pham.info,,,,,,,
439,Anne,Winters,ybanks@velazquez.biz,,,,,,,
440,Glenn,Harrell,luis88@calhoun-gaines.com,,,,,,,
441,Tracey,Boyd,oconnellkristopher@roberts.com,,,,,,,
442,Catherine,Becker,qlambert@obrien-gay.com,,,,,,,
443,Sharon,Farrell,masseyvickie@prince.info,,,,,,,
444,Clinton,Schwartz,robin51@caldwell.net,,,,,,,
445,Sheri,Perez,kyle22@robbins-trevino.net,,,,,,,
446,Beth,White,hendrixjoanne@hooper.info,,,,,,,
447,Cole,Benitez,geoffrey76@gonzales.org,,,,,,,
448,Caleb,Chapman,lindseymcmahon@hayden-tucker.com,,,,,,,
449,Glen,Eaton,jcantu@clayton.com,,,,,,,
450,Cristina,Hanna,mathew61@woodward.com,,,,,,,
451,Kathy,Owens,ugordon@boyer.info,,,,,,,
452,Rachael,Keith,paula85@douglas-mann.net,,,,,,,
453,Marcus,Thompson,gravesjanice@rice.org,,,,,,,
454,Norman,Mclean,nathaniel65@copeland-levy.org,,,,,,,
455,Brandon,Cross,currysabrina@henry.biz,,,,,,,
456,Autumn,Soto,robertasharp@vasquez.info,,,,,,,
457,Jaime,Cervantes,casey71@little.net,,,,,,,
458,Reginald,Blankenship,plawson@reyes.com,,,,,,,
459,Chelsey,Mcknight,aaroncollins@nunez.com,,,,,,,
460,Clayton,Lindsey,katiestanton@villa.com,,,,,,,
461,Kurt,Prince,thompsonangie@may.com,,,,,,,
462,Joy,Choi,sheenarichards@harrison.com,,,,,,,
463,Jeremiah,May,fgoodman@livingston.org,,,,,,,
464,Candice,Huang,adamsjim@luna.com,,,,,,,
465,Alejandra,Tran,kporter@kelley.com,,,,,,,
466,Shaun,Richardson,craigkent@waller.com,,,,,,,
467,Darryl,Russo,qbates@randall.com,,,,,,,
468,Joe,Cabrera,wesleymcfarland@dunlap.info,,,,,,,
469,Travis,Duran,rshields@mack.com,,,,,,,
470,Warren,House,brittneytravis@salinas-zhang.org,,,,,,,
471,Katherine,Haas,iheath@woodward.biz,,,,,,,
472,Karen,Burton,gary29@craig.org,,,,,,,
473,Logan,Riddle,valerie78@osborne.net,,,,,,,
474,Kathryn,Hester,mccartycandace@mclean.com,,,,,,,
475,Christina,Villegas,isabella03@rojas.com,,,,,,,
476,Joel,Walters,icalhoun@scott.com,,,,,,,
477,Frederick,Delacruz,kiaramacias@banks.com,,,,,,,
478,Warren,Cantrell,darrell62@dickson-nielsen.biz,,,,,,,
479,Melvin,Bates,rashley@robbins-boyer.org,,,,,,,
480,Meredith,Pollard,sandy88@dougherty-gordon.biz,,,,,,,
481,Dawn,Hines,nataliemedina@mitchell.net,,,,,,,
482,Audrey,Goodman,martinjeanette@petersen.com,,,,,,,
483,Kurt,Waters,sanderscheyenne@peters-ware.com,,,,,,,
484,Eugene,Harper,charlotte42@bowman-arellano.biz,,,,,,,
485,Caleb,Eaton,weverett@dixon.info,,,,,,,
486,Kaitlin,Mejia,ross23@hooper.com,,,,,,,
487,Jennifer,Mercado,deannamiller@boyle.com,,,,,,,
488,David,Cardenas,mpetty@clark-allison.info,,,,,,,
489,Jenny,Reid,dustinrhodes@fischer-hendricks.com,,,,,,,
490,Lonnie,Frye,ronnieprince@haley.com,,,,,,,
491,Janice,Mayer,careyspencer@ellison.com,,,,,,,
492,Debbie,Bates,sfrederick@fowler.com,,,,,,,
493,Jean,Christian,gregory88@kane-atkins.org,,,,,,,
494,Philip,Harding,barrerasamantha@manning.com,,,,,,,
495,Jillian,Oneal,wilkinsontravis@booth-crawford.biz,,,,,,,
496,Mindy,Christian,jessicagillespie@ibarra-cannon.org,,,,,,,
497,Bobby,Mclean,hodgekiara@conley-haynes.info,,,,,,,
498,Amanda,Santos,slivingston@cherry-lara.info,,,,,,,
499,Ralph,Buckley,hansenjoshua@pugh.com,,,,,,,
500,Brian,Montoya,jblankenship@harper.com,,,,,,,
501,Joann,Dyer,llowe@mcmahon.biz,,,,,,,
502,Rhonda,Cook,rollinscristian@harvey.com,,,,,,,
503,Charlene,Huffman,belindawalls@wall-dalton.biz,,,,,,,
504,Abigail,Shah,ecollins@wise.biz,,,,,,,
505,Frances,Bridges,nicholemccann@logan.com,,,,,,,
506,Belinda,Kaiser,susan95@burgess.com,,,,,,,
507,Michael,Griffin,priscilla21@richmond.com,,,,,,,
508,Brooke,Briggs,moraleonard@grant-murphy.org,,,,,,,
509,Desiree,Sloan,pittmanjay@pruitt.org,,,,,,,
510,Jared,Floyd,qenglish@huang.com,,,,,,,
511,Latasha,Spencer,sean06@bridges-serrano.com,,,,,,,
512,Joy,Mack,calebsolomon@li-berg.com,,,,,,,
513,John,Rhodes,jamiemontgomery@cameron.org,,,,,,,
514,Claire,Schaefer,hannah33@leach-frey.com,,,,,,,
515,Judy,Nguyen,tmoses@mueller.com,,,,,,,
516,Andrea,Dennis,stephensonkevin@rojas-strong.com,,,,,,,
517,Karla,Middleton,nathanielmoreno@cunningham.com,,,,,,,
518,Sean,Coffey,tbartlett@knox.com,,,,,,,
519,Nichole,George,warddeborah@eaton.com,,,,,,,
520,Justin,Dougherty,robersonangie@thornton.com,,,,,,,
521,Devon,Smith,glenda72@hobbs-watts.com,,,,,,,
522,Becky,Scott,rblack@benson.com,,,,,,,
523,Misty,Espinoza,zbarron@ross.com,,,,,,,
524,Franklin,Rivers,miguel73@fisher-hatfield.org,,,,,,,
525,Leonard,Barber,gainesbethany@washington-pearson.com,,,,,,,
526,Lonnie,Price,hbradshaw@wang.biz,,,,,,,
527,Clarence,Cantu,billy41@malone.net,,,,,,,
528,Johnny,Foster,lancebenitez@nash.info,,,,,,,
529,Richard,Vasquez,jonesjacob@downs.com,,,,,,,
530,Tabitha,Compton,joneskrystal@blackburn.net,,,,,,,
531,Adrienne,Wong,yjenkins@lowery.com,,,,,,,
532,Jorge,Farrell,alfredsnyder@tran-ellison.com,,,,,,,
533,Kathy,Richards,anitavillarreal@reilly.com,,,,,,,
534,Larry,Ellison,chelsey46@calhoun.com,,,,,,,
535,Gabrielle,Chaney,ulogan@gilmore.com,,,,,,,
536,Maxwell,Macias,ray95@barnett.com,,,,,,,
537,Joyce,Chan,calhounkari@thompson.info,,,,,,,
538,Kari,Durham,kathrynsims@wong-chapman.com,,,,,,,
539,Trevor,Mckee,nicholserika@cooke-le.net,,,,,,,
540,Diana,Thomas,brendan87@hale.com,,,,,,,
541,Cynthia,Moss,victoria21@pope-ortiz.com,,,,,,,
542,Billy,Garrison,kylie93@patterson.net,,,,,,,
543,Grace,Austin,hayley87@washington.org,,,,,,,
544,Kerri,Hamilton,scurry@schaefer-tate.info,,,,,,,
545,Kaylee,Wright,barbara31@page.info,,,,,,,
546,Manuel,Delacruz,alexandria98@shields.com,,,,,,,
547,Helen,Baxter,pacenatasha@whitaker.com,,,,,,,
548,Leon,Hendricks,drew59@strong.info,,,,,,,
549,Henry,Contreras,gregorymcfarland@rodriguez.com,,,,,,,
550,Gerald,Tanner,isabel75@rubio.com,,,,,,,
551,Ariel,Arnold,sarroyo@mejia.com,,,,,,,
552,Judy,Fisher,dflynn@spears.com,,,,,,,
553,Miguel,Wood,hblankenship@ellison.biz,,,,,,,
554,Lance,Gillespie,urojas@wolf.org,,,,,,,
555,Natalie,Wang,larsonray@hodges-bartlett.net,,,,,,,
556,Charlotte,Byrd,braunjillian@mcintyre-delgado.com,,,,,,,
557,Chelsea,Wagner,clayton96@knight.com,,,,,,,
558,Larry,Rollins,spearsmarissa@flowers.com,,,,,,,
559,Paul,Leblanc,wolfedanielle@pitts.com,,,,,,,
560,Caitlin,Vance,bonnieparks@ritter-flynn.com,,,,,,,
561,Adam,Shaffer,isaiah33@ho-lane.com,,,,,,,
562,Martin,Rocha,montgomerycharlotte@wong.com,,,,,,,
563,Ronnie,Erickson,tricia95@mcdonald.com,,,,,,,
564,Sheryl,Delgado,larry51@stark.com,,,,,,,
565,Kristen,Williamson,watkinskaylee@pacheco.biz,,,,,,,
566,Cole,Warner,dorislucas@evans-hartman.info,,,,,,,
567,Lee,Mercado,wilkersonnicholas@crosby.net,,,,,,,
568,Paula,Bates,sethrhodes@silva.org,,,,,,,
569,Claire,Shaw,chaynes@rasmussen.com,,,,,,,
570,Amy,Mclean,hamptontammie@gonzales.com,,,,,,,
571,Joshua,Winters,brittanylandry@whitaker.org,,,,,,,
572,Brian,Pittman,stevesuarez@winters.com,,,,,,,
573,Jeffrey,Waters,mezakristina@hunt.com,,,,,,,
574,Denise,Barber,qmyers@dominguez-doyle.net,,,,,,,
575,Wayne,Sanders,eshea@simmons-calhoun.org,,,,,,,
576,Sandra,Sparks,mcgrathdalton@barr.com,,,,,,,
577,Jose,Singleton,donhood@gilmore.com,,,,,,,
578,Joel,Shea,gfarley@wheeler-ayala.com,,,,,,,
579,Sergio,Marquez,darrylbarker@hebert.com,,,,,,,
580,Latoya,Decker,audrey14@hopkins-serrano.biz,,,,,,,
581,Chase,Guerrero,randall08@palmer-wells.com,,,,,,,
582,Jeff,Tate,carlsonguy@massey-brock.net,,,,,,,
583,Brandy,Valentine,dkirk@bartlett-gross.org,,,,,,,
584,Jade,Vega,ihaynes@velazquez-robertson.org,,,,,,,
585,Melody,Nielsen,biancapratt@espinoza.org,,,,,,,
586,Brandon,Webb,cheyennemurillo@campbell.com,,,,,,,
587,Jean,Mclaughlin,jeffrey93@russell.biz,,,,,,,
588,Albert,Case,krystal85@aguirre.com,,,,,,,
589,Jose,Duarte,billykerr@martinez.org,,,,,,,
590,Jennifer,Brady,darrell48@robinson-graves.com,,,,,,,
591,Angel,Conner,fgeorge@daniels.com,,,,,,,
592,Alyssa,Gamble,donaldsondamon@dickson.com,,,,,,,
593,Lawrence,Campos,santosrussell@hicks.com,,,,,,,
594,Joyce,Michael,tomwyatt@fischer-morgan.biz,,,,,,,
595,Doris,Fox,gerald81@norris.com,,,,,,,
596,Johnny,Harris,ihutchinson@bass-nunez.info,,,,,,,
597,Leroy,Vargas,helen10@mcgee.com,,,,,,,
598,Diana,Green,anarobles@barton.com,,,,,,,
599,Victor,Bowman,nkey@buchanan.info,,,,,,,
600,Alexis,Perry,singletonbriana@cameron.com,,,,,,,
601,Xavier,Mooney,jessesavage@barr-mathews.com,,,,,,,
602,Lawrence,Gross,ryan38@delgado-crane.com,,,,,,,
603,Albert,Myers,wnielsen@reeves.com,,,,,,,
604,Mikayla,Oneal,rbryant@ritter.org,,,,,,,
605,Frederick,Mcgrath,jonathon19@hicks.net,,,,,,,
606,Kirk,Benitez,mconley@mercado.com,,,,,,,
607,Alex,Mcdonald,bailey40@le.com,,,,,,,
608,Trevor,Hayden,kathleenvillanueva@bullock.com,,,,,,,
609,Sherry,Lane,vmorrison@contreras.net,,,,,,,
610,Mallory,Pratt,cunninghamshelly@hines-curtis.org,,,,,,,
611,Daniel,Flores,bvance@pollard.biz,,,,,,,
612,Jesus,Kane,moyertanya@santos-fletcher.com,,,,,,,
613,Gilbert,Hendricks,castilloluis@kent-reese.biz,,,,,,,
614,Kerry,Sanders,zcase@mccarthy-patton.com,,,,,,,
615,Alexandra,Davidson,deleonclinton@harrison-small.com,,,,,,,
616,Vincent,Carey,josephmeyer@cameron.com,,,,,,,
617,Parker,Russo,hancockbrianna@mccann.org,,,,,,,
618,Ebony,Velasquez,marvinschmidt@lopez.com,,,,,,,
619,Jesus,Holden,rutharellano@stafford-gross.com,,,,,,,
620,Candace,Chen,candiceguzman@carlson-graham.com,,,,,,,
621,Juan,Saunders,choidean@hays.com,,,,,,,
622,Richard,Serrano,mario93@roy.com,,,,,,,
623,Rick,Barrera,cmercado@reed.com,,,,,,,
624,Meagan,Hoover,alvin00@zavala.com,,,,,,,
625,Larry,Huff,kennethtownsend@dominguez.biz,,,,,,,
626,Kelli,Gonzales,jgonzales@maddox.com,,,,,,,
627,Crystal,Howard,gwendolynterry@blanchard.com,,,,,,,
628,Frank,Walter,leachnina@cantrell.com,,,,,,,
629,Rhonda,Donaldson,ellisontanner@gray-lewis.org,,,,,,,
630,Lisa,Duran,hammondcristian@berry.com,,,,,,,
631,Isabel,Cisneros,mccarthyangel@tate-lam.net,,,,,,,
632,Bianca,Jennings,rodriguezralph@herring.biz,,,,,,,
633,Leon,Lang,grahampaige@carpenter-olsen.com,,,,,,,
634,Luis,Zamora,mcleanmichael@arroyo.com,,,,,,,
635,Mitchell,Chang,colleenbarnett@hobbs-smith.com,,,,,,,
636,Edgar,Terry,kphelps@trujillo.net,,,,,,,
637,Norman,Howard,peggy04@mack-chambers.biz,,,,,,,
638,Fred,Alvarez,ccollier@baxter.com,,,,,,,
639,Lauren,Nunez,harrellkirsten@knox.com,,,,,,,
640,Kristen,Terry,qhinton@ferguson.com,,,,,,,
641,Olivia,Cross,alec41@stuart.net,,,,,,,
642,Leonard,Pennington,victoriacooper@avery-mooney.com,,,,,,,
643,Nathan,Bryan,brucecarrillo@evans-powell.net,,,,,,,
644,Theresa,Gallegos,ybrandt@hahn-mejia.com,,,,,,,
645,Jamie,Hayes,max17@estrada.info,,,,,,,
646,Wayne,Herring,maxwellallison@gay-lynn.net,,,,,,,
647,Allison,Franco,wileybill@archer-mckenzie.biz,,,,,,,
648,Ronald,White,mmcclure@wiggins.com,,,,,,,
649,Deborah,Taylor,catherine11@fleming-hull.com,,,,,,,
650,Shari,Bender,mannashlee@kaufman-osborn.com,,,,,,,
651,Brooke,Gibbs,stefanie48@fowler.com,,,,,,,
652,Ashley,Melton,dustinbray@edwards.com,,,,,,,
653,Teresa,Hart,williamschmidt@watts-west.com,,,,,,,
654,Bonnie,Erickson,blakefitzpatrick@preston.com,,,,,,,
655,Ruben,Trevino,ksheppard@moody.com,,,,,,,
656,Fernando,Perez,lancearellano@gentry.com,,,,,,,
657,Katelyn,Cabrera,msantana@lester.com,,,,,,,
658,Sylvia,Lin,stevensmaureen@watts-tapia.biz,,,,,,,
659,Margaret,Snyder,mirandaburnett@bradford-ross.com,,,,,,,
660,Trevor,Schwartz,graceherring@pratt.org,,,,,,,
661,Bethany,Colon,mallory42@porter-cox.com,,,,,,,
662,Dustin,Vaughan,rebecca69@nolan-hines.com,,,,,,,
663,Jim,Oconnell,charlespriscilla@adkins.biz,,,,,,,
664,Kerry,Roberts,brettcrawford@griffin.com,,,,,,,
665,Allen,Mcgrath,lisa85@rivera-schroeder.com,,,,,,,
666,Darlene,Ware,xrosales@odonnell.info,,,,,,,
667,Jane,Roman,hollowaymarcia@boone.com,,,,,,,
668,Sheena,Burns,garrettwheeler@bullock-cervantes.info,,,,,,,
669,Patricia,Cole,tiffany09@hunt.biz,,,,,,,
670,Shannon,White,romanjoyce@ryan-macias.info,,,,,,,
671,Mandy,Farley,duncanmadison@schmitt.com,,,,,,,
672,Walter,Barber,jimmy88@cruz-mcmillan.net,,,,,,,
673,Summer,Fox,peckbenjamin@medina.com,,,,,,,
674,Jeffery,Stuart,karl79@shannon.com,,,,,,,
675,Carla,Saunders,bmoreno@fisher.net,,,,,,,
676,Dustin,Herman,gkane@young.com,,,,,,,
677,Melody,Mckay,bookerdennis@garrett-winters.com,,,,,,,
678,James,Ward,sara28@singleton.net,,,,,,,
679,Jasmine,Berry,garzabianca@reed.com,,,,,,,
680,Vanessa,Webb,arielbryant@kaufman-frazier.biz,,,,,,,
681,Jermaine,Diaz,shelby88@merritt.com,,,,,,,
682,Mary,Holder,alexandraforbes@conrad.info,,,,,,,
683,Johnathan,Mclaughlin,stefanie30@hurley-wall.com,,,,,,,
684,Tracey,Massey,meghan46@james-villanueva.com,,,,,,,
685,Tristan,Brooks,maynardkatrina@stone.com,,,,,,,
686,Sara,Gilmore,wongwarren@riley.com,,,,,,,
687,Norma,Page,sabrinapeterson@webb.net,,,,,,,
688,Levi,Todd,cuevasjade@gilbert.com,,,,,,,
689,Anthony,Curtis,colleen70@johnston.com,,,,,,,
690,Kristine,Hawkins,natashawarner@arias.com,,,,,,,
691,Ann,Levy,svance@mendoza.com,,,,,,,
692,Laurie,Mccoy,hughestyrone@medina-morrow.org,,,,,,,
693,Stephanie,Rivera,leonpedro@moss.org,,,,,,,
694,Ebony,Yang,lbray@ferrell.com,,,,,,,
695,Norman,Morton,jermaine75@fowler-hancock.com,,,,,,,
696,Joann,Holder,strongterrance@wolfe.com,,,,,,,
697,Catherine,Davis,clinedennis@madden-cox.com,,,,,,,
698,Grant,Mercado,pgarcia@floyd.com,,,,,,,
699,Jessica,Aguirre,garrettmacias@booth.net,,,,,,,
700,Trevor,Bowers,joycedarryl@dillon.info,,,,,,,
701,Autumn,Norris,mckenzie25@lang-donaldson.biz,,,,,,,
702,Nancy,Price,mikaylagreen@coleman-cowan.net,,,,,,,
703,Kevin,Lozano,jeffrey39@bautista.com,,,,,,,
704,Dale,Hendricks,robertamays@waters-joseph.com,,,,,,,
705,Alexis,Carroll,patricia79@fritz.net,,,,,,,
706,Javier,Bowers,harmonclaire@reilly.com,,,,,,,
707,Zoe,Guerra,cnewman@price-morrow.com,,,,,,,
708,Tim,Henson,matthew00@sheppard.com,,,,,,,
709,Tim,Larson,toni70@santiago.com,,,,,,,
710,Brian,Banks,fordholly@mason.biz,,,,,,,
711,Destiny,Cooke,wandaruiz@hurley.com,,,,,,,
712,Austin,Bright,ryanapril@francis-rowe.com,,,,,,,
713,Briana,Davis,jermainefleming@vazquez-hughes.info,,,,,,,
714,Darius,Lara,ualexander@braun.org,,,,,,,
715,Toni,Rhodes,ayalapamela@reilly.biz,,,,,,,
716,Warren,Willis,qnunez@vincent-gregory.info,,,,,,,
717,Colleen,Cordova,hardywesley@barber.biz,,,,,,,
718,Marie,Norman,ogoodman@small.com,,,,,,,
719,Jasmine,Morrison,mhayes@moss-martinez.com,,,,,,,
720,Catherine,Perkins,ebony76@odom.org,,,,,,,
721,Nancy,Williams,mcmillankarla@jarvis.com,,,,,,,
722,Noah,Hebert,abarrett@hodges-anthony.org,,,,,,,
723,Latoya,Gillespie,aprilbranch@knight.com,,,,,,,
724,Chelsea,Oneal,prestonbarnett@bell-haynes.com,,,,,,,
725,Katie,King,potterdamon@mccall.com,,,,,,,
726,Colin,Doyle,allenbrady@robbins.biz,,,,,,,
727,Sonya,Schroeder,kayla90@andersen-huber.com,,,,,,,
728,Kayla,Guzman,patricksteve@fleming.info,,,,,,,
729,Christie,Jenkins,breese@oneill.com,,,,,,,
730,Joanne,Ferguson,haley88@contreras-farmer.com,,,,,,,
731,Yolanda,Robinson,daniel92@lynch.com,,,,,,,
732,Katie,Craig,ronaldwheeler@figueroa-hendrix.net,,,,,,,
733,Dakota,Chavez,chanpatty@mclaughlin.com,,,,,,,
734,Johnny,Randolph,martindoyle@villegas.net,,,,,,,
735,Collin,Alvarez,ritablake@shepard.biz,,,,,,,
736,Cassidy,Melton,qmooney@banks-huber.net,,,,,,,
737,Adam,Singh,chandlerluis@forbes-dickson.org,,,,,,,
738,Hayden,Pugh,aprillewis@pham-tanner.com,,,,,,,
739,Kellie,Salas,peter54@bentley-morrison.com,,,,,,,
740,Caleb,Watkins,isaiah61@vazquez.com,,,,,,,
741,Troy,Fritz,rmartinez@huber-larsen.info,,,,,,,
742,Phillip,Duffy,christian65@mayo.com,,,,,,,
743,Claire,Robinson,sbeck@gray.com,,,,,,,
744,Jackson,Estrada,larry07@long-banks.biz,,,,,,,
745,Tiffany,Peterson,alisonali@gibson-paul.com,,,,,,,
746,Jessica,Carlson,floydandrew@chang.org,,,,,,,
747,Alvin,Roy,gerald08@farrell-roy.com,,,,,,,
748,Harold,Paul,juarezphyllis@cunningham-hodge.org,,,,,,,
749,Rodney,Underwood,tracihayden@clarke-little.biz,,,,,,,
750,Adrian,Herman,gutierrezbob@paul-mccoy.com,,,,,,,
751,Clifford,Phillips,andersongrace@odom.org,,,,,,,
752,Regina,Mccoy,rushshari@day-singh.com,,,,,,,
753,Kaylee,Bowers,billymiranda@knight.biz,,,,,,,
754,Reginald,Frederick,robert91@maldonado-knox.net,,,,,,,
755,Shelby,Reese,charlene99@dixon.com,,,,,,,
756,Connor,Gentry,igraham@flowers-stein.biz,,,,,,,
757,Kevin,Fleming,justin34@ruiz-wood.info,,,,,,,
758,Connie,Mercado,gallagherfrank@fitzgerald.com,,,,,,,
759,Kaylee,Barber,nicholasmaldonado@west.com,,,,,,,
760,Betty,Duncan,joel57@singleton.org,,,,,,,
761,Dwayne,Sweeney,rbryant@burnett.com,,,,,,,
762,Kenneth,Anthony,piercefranklin@livingston-bass.biz,,,,,,,
763,Peggy,Montoya,goldengilbert@goodman.org,,,,,,,
764,Jonathan,Briggs,dicksonshannon@levine.net,,,,,,,
765,Sean,Gray,drewmcgrath@bowen.com,,,,,,,
766,Rebekah,Villegas,erik89@woodard.biz,,,,,,,
767,Lisa,Small,chungsharon@zavala-bond.info,,,,,,,
768,Paige,Pineda,hughescesar@pacheco.com,,,,,,,
769,Howard,Glass,ykeith@lloyd.biz,,,,,,,
770,Jose,Bond,roberta05@bates.com,,,,,,,
771,Janet,Bass,yorkjermaine@noble-hayes.net,,,,,,,
772,Jasmin,Waters,pclark@ortega.com,,,,,,,
773,Jennifer,Mcintosh,bianca43@nixon.com,,,,,,,
774,Gina,Benson,geoffreywagner@willis-macias.com,,,,,,,
775,Vanessa,Gardner,haley36@maynard-richard.biz,,,,,,,
776,Brenda,Clark,taylor22@chavez.net,,,,,,,
777,Chelsea,Randolph,corey96@conner.com,,,,,,,
778,Tabitha,Logan,melvinwilkerson@serrano-ochoa.com,,,,,,,
779,Anne,Cabrera,sabrina88@buchanan-richards.net,,,,,,,
780,Logan,Lamb,wsutton@vega.com,,,,,,,
781,Reginald,Mann,gabriela19@rivera.net,,,,,,,
782,Bob,Rosario,elijah10@zimmerman.com,,,,,,,
783,Andrew,Weiss,monica69@cohen.org,,,,,,,
784,Rita,Livingston,earias@rangel.info,,,,,,,
785,Briana,Peck,miguelwilkinson@shaffer-beasley.com,,,,,,,
786,Brady,Mcdaniel,echapman@small.biz,,,,,,,
787,Clifford,Rivers,khoover@atkins.com,,,,,,,
788,Kathryn,Burgess,hayden76@estrada-michael.info,,,,,,,
789,Rodney,Esparza,bkirby@arellano.com,,,,,,,
790,Gabrielle,Vincent,isaacbyrd@chang-mcdonald.com,,,,,,,
791,Yolanda,Schroeder,andresgrimes@graves.org,,,,,,,
792,Jonathon,West,maureen96@heath.info,,,,,,,
793,Lee,Harvey,tracie58@marsh.com,,,,,,,
794,Yvette,Mccoy,aatkinson@suarez.biz,,,,,,,
795,Kayla,Fleming,emma49@dunlap.biz,,,,,,,
796,Vernon,Flowers,xkeller@cole.com,,,,,,,
797,Bobby,Dodson,eugenemarsh@english.com,,,,,,,
798,Lindsey,Blevins,lacey67@weeks.net,,,,,,,
799,Jared,Howe,larryhoffman@jarvis.info,,,,,,,
800,Mike,Mckay,sschroeder@proctor.com,,,,,,,
801,Leon,Summers,shelia48@salazar-petty.com,,,,,,,
802,Darren,Gibbs,maddoxdevin@burch.com,,,,,,,
803,Chase,Lucas,cannontyler@townsend.com,,,,,,,
804,Kent,Cobb,tracicabrera@park.com,,,,,,,
805,Miranda,Lawson,audreymarks@howell.com,,,,,,,
806,Kathy,Nguyen,breanna07@maddox.com,,,,,,,
807,Jeremiah,Rubio,wblake@oliver.com,,,,,,,
808,Gilbert,Barry,sheenaboyle@stephens.net,,,,,,,
809,Tony,Shannon,bailey25@parks.net,,,,,,,
810,Dana,Salas,prattdouglas@todd-wolf.info,,,,,,,
811,Benjamin,Galvan,masoncarson@meadows-deleon.com,,,,,,,
812,Teresa,Vargas,tim18@daugherty-raymond.com,,,,,,,
813,Tricia,Leon,brendantodd@curtis-gross.com,,,,,,,
814,Carmen,Daugherty,riosraven@case.com,,,,,,,
815,Tiffany,Rowe,alice75@burke-peck.net,,,,,,,
816,Wesley,Snow,farleygene@white.biz,,,,,,,
817,Raven,Mejia,princeadrienne@patrick-brewer.com,,,,,,,
818,Elijah,Richardson,moonbeverly@leblanc.com,,,,,,,
819,Colton,Sandoval,mosleyheidi@walter.com,,,,,,,
820,Krista,Mcclure,wyattwinters@cole.org,,,,,,,
821,Johnny,Rubio,skaufman@cline.com,,,,,,,
822,Amy,Ballard,brockoscar@cole.org,,,,,,,
823,Rachel,Watts,kelliroy@sawyer-barker.com,,,,,,,
824,Judy,Mullins,hdonaldson@harmon.com,,,,,,,
825,Priscilla,Huff,gregoryrobyn@summers.com,,,,,,,
826,Zoe,Solomon,angelicaarias@harmon-cabrera.info,,,,,,,
827,Gabriella,Ho,ericperry@simon.com,,,,,,,
828,Jeff,Jensen,alice96@payne.com,,,,,,,
829,Natalie,Ball,scottdrew@vazquez.com,,,,,,,
830,Matthew,Fields,eriksnyder@giles-bowers.com,,,,,,,
831,Jack,Mendoza,kmccullough@bryant.com,,,,,,,
832,Sheryl,Lyons,mcfarlandrobin@callahan-wilkins.com,,,,,,,
833,Nina,Contreras,willisemily@kidd.com,,,,,,,
834,Samuel,Walker,grace28@bullock-mcpherson.com,,,,,,,
835,Charlotte,Spencer,ashleyrubio@holder.org,,,,,,,
836,Eduardo,Schultz,monique25@scott.com,,,,,,,
837,Adrienne,Medina,edwardsjoyce@freeman-chang.info,,,,,,,
838,Darrell,French,mayerdaryl@krueger.com,,,,,,,
839,Rodney,Dunn,candacecalderon@green.com,,,,,,,
840,Bryan,Sampson,allison44@bonilla-schmidt.info,,,,,,,
841,Gregory,Baxter,mcochran@woods-norton.org,,,,,,,
842,Edgar,Norman,orangel@bennett.com,,,,,,,
843,April,Garner,maloneclayton@figueroa.org,,,,,,,
844,Mercedes,Bush,patricia64@ballard.com,,,,,,,
845,Theresa,Randolph,hcortez@greene.com,,,,,,,
846,Tom,White,moniquemcneil@dudley.com,,,,,,,
847,Tiffany,White,dorisfritz@curry.org,,,,,,,
848,Lacey,Clark,mcbridebrad@kirk.com,,,,,,,
849,Gail,Thornton,melinda57@pham.com,,,,,,,
850,Leslie,Figueroa,geoffreysteele@rios-morrow.net,,,,,,,
851,Katie,Mcintosh,stephenharper@wall.com,,,,,,,
852,Kelly,Bradshaw,tgill@novak-patton.com,,,,,,,
853,Blake,Avila,alexander77@mcdonald-daniel.info,,,,,,,
854,Jesse,Miranda,richmondkeith@kelley-young.com,,,,,,,
855,Kristi,Thompson,ericalee@stanley-waller.net,,,,,,,
856,Isabel,Snow,ralphmcdonald@ware-bryan.biz,,,,,,,
857,Donna,Sims,mackenziemaldonado@colon.com,,,,,,,
858,Connor,Thomas,darryllucero@herrera-melendez.com,,,,,,,
859,Chloe,Hanson,mullinsrita@whitney-frey.com,,,,,,,
860,Drew,Guzman,morrisonann@levy-gillespie.com,,,,,,,
861,Clifford,Conway,kerrynewman@walters-herrera.com,,,,,,,
862,Ashlee,Carney,vguerra@newman-higgins.com,,,,,,,
863,Jackie,Mccullough,spencergalloway@rivers.com,,,,,,,
864,Crystal,Dougherty,stuart08@grant.com,,,,,,,
865,Caitlyn,Tapia,cartersally@moon.com,,,,,,,
866,Brenda,Estrada,hardinrebekah@burton.org,,,,,,,
867,Tina,Andrews,karlflynn@riley.com,,,,,,,
868,Andre,Cunningham,juliannguyen@herrera.com,,,,,,,
869,Jesus,Abbott,pkent@gillespie.com,,,,,,,
870,Kendra,Bishop,greg54@vang.com,,,,,,,
871,Tyrone,Ayers,pamelatorres@walsh.com,,,,,,,
872,Isaiah,Andersen,vparrish@marsh-kane.com,,,,,,,
873,Shelia,Rojas,gonzalezkari@dominguez.com,,,,,,,
874,Donald,Arnold,isaiahescobar@wyatt-baxter.net,,,,,,,
875,Kaitlin,Fowler,nathan99@patel.net,,,,,,,
876,Mallory,Browning,rfuller@hays.org,,,,,,,
877,Cathy,Compton,kathleen13@cobb-durham.biz,,,,,,,
878,Larry,Blanchard,rhondachang@hooper.com,,,,,,,
879,Robert,Henderson,bauerfernando@lester-baldwin.info,,,,,,,
880,Glen,Simon,rbrown@blair.com,,,,,,,
881,Holly,Nelson,sarah29@mcdonald.biz,,,,,,,
882,Erin,Wall,finleyangie@carson-medina.com,,,,,,,
883,Chloe,Durham,isabel97@small-pope.net,,,,,,,
884,Jeanette,Schwartz,brittany40@ho-jenkins.com,,,,,,,
885,Max,Clements,garyglenn@richard-kirby.info,,,,,,,
886,Julie,Coffey,wbrady@hayes.com,,,,,,,
887,Regina,Gilmore,joannejohns@rich.biz,,,,,,,
888,Lacey,Stark,vcombs@curry-benjamin.com,,,,,,,
889,Devin,Jefferson,tdaniels@cordova-baird.net,,,,,,,
890,Shawna,Spencer,morgan50@phelps-owens.com,,,,,,,
891,Edgar,Meyers,robersonclifford@byrd-salas.com,,,,,,,
892,Levi,Larsen,brandihickman@lyons.com,,,,,,,
893,Victor,Simon,teresaholt@coffey.info,,,,,,,
894,Lacey,Boone,estuart@stein.com,,,,,,,
895,Chelsea,Lester,murrayeric@mcgrath.com,,,,,,,
896,Dominique,Benjamin,jackson23@ashley.com,,,,,,,
897,Cheyenne,Marshall,debbiedeleon@barber-flynn.info,,,,,,,
898,Frances,Vance,rlutz@dodson.org,,,,,,,
899,Melvin,Todd,brian89@casey.info,,,,,,,
900,Gilbert,Larson,alexander26@middleton.com,,,,,,,
901,Tim,Hawkins,kenneth60@mcgrath.net,,,,,,,
902,Peter,Glass,pamela16@tapia-wolf.biz,,,,,,,
903,Dan,Shepard,richardkatherine@fields.com,,,,,,,
904,Crystal,Garcia,ymejia@wolfe-vargas.com,,,,,,,
905,Helen,Diaz,ethornton@francis.com,,,,,,,
906,Christine,Cervantes,alexander60@bruce.net,,,,,,,
907,Jeffery,Zhang,ujarvis@watts.com,,,,,,,
908,Mario,Nolan,pamelaneal@valencia.com,,,,,,,
909,Abigail,Cochran,elijahcherry@mann.com,,,,,,,
910,Darlene,Nelson,sbarton@shepard.com,,,,,,,
911,Dwayne,Davidson,johnsonterry@powers.net,,,,,,,
912,Gregory,Osborne,maureenstanley@nolan.com,,,,,,,
913,Latoya,Clements,edowns@cantu-rodgers.com,,,,,,,
914,Brooke,Savage,jonathan71@bush.com,,,,,,,
915,Savannah,Grimes,diana73@gilbert-schneider.biz,,,,,,,
916,Donna,Webster,krausetom@buckley.org,,,,,,,
917,Jim,Ochoa,carlosodom@schultz.org,,,,,,,
918,Leslie,Spencer,huffcaitlyn@charles.com,,,,,,,
919,Ariana,Harmon,joshua45@dillon.org,,,,,,,
920,Paige,Wong,hammondcaitlyn@aguirre.biz,,,,,,,
921,Darryl,Burnett,emercado@boone-craig.com,,,,,,,
922,Kristopher,Glass,aprilblevins@cummings-parrish.info,,,,,,,
923,Michael,Huff,traci55@golden.com,,,,,,,
924,Douglas,Wilkerson,epope@powell.com,,,,,,,
925,Tanya,Howard,kmelton@strong.biz,,,,,,,
926,Christy,Franklin,coltonarellano@boyle.com,,,,,,,
927,George,Dorsey,villanuevalogan@murillo.info,,,,,,,
928,Colton,Nixon,nmccullough@vasquez.info,,,,,,,
929,Daniel,Cobb,barbaranorman@vazquez.com,,,,,,,
930,Cristian,Ball,vwagner@blevins-alexander.biz,,,,,,,
931,Francis,Goodman,marthayoung@ellis.net,,,,,,,
932,Dylan,Boyer,randy44@raymond.com,,,,,,,
933,Olivia,Cooke,gbender@brown-baxter.com,,,,,,,
934,Dana,Cohen,herbertparker@wallace.biz,,,,,,,
935,Megan,Mills,gavinhaas@harrison-barton.info,,,,,,,
936,Daniel,Hurst,saundersriley@aguilar.com,,,,,,,
937,Danielle,Compton,toddskinner@hart.net,,,,,,,
938,Mitchell,Mack,shannonmcfarland@cisneros.com,,,,,,,
939,Jessica,Mcknight,jilldixon@frank.com,,,,,,,
940,Tyrone,Marshall,carol33@ayala-chase.com,,,,,,,
941,Greg,Allen,aaron08@davies-rush.com,,,,,,,
942,Jill,Schultz,tterry@clayton.net,,,,,,,
943,Noah,Hall,don16@crawford.net,,,,,,,
944,Wendy,Melendez,salinaseric@osborn.com,,,,,,,
945,Guy,Rush,theodorewatson@lucero-ochoa.com,,,,,,,
946,Monica,Joyce,dboyle@donovan.info,,,,,,,
947,Lauren,Garcia,penaleon@mccoy.com,,,,,,,
948,Louis,Norris,lindsay05@drake-sanford.com,,,,,,,
949,Shelly,Rasmussen,dorishaney@morse.com,,,,,,,
950,Dave,Espinoza,josephpineda@villa.com,,,,,,,
951,Beverly,Mayo,costabob@daniel.com,,,,,,,
952,Larry,Key,ygood@vaughn.com,,,,,,,
953,Jennifer,Mcguire,fnielsen@soto-villegas.com,,,,,,,
954,Olivia,Mills,bhouston@rosario.com,,,,,,,
955,Loretta,Simon,tduffy@haney.com,,,,,,,
956,Janet,Stevens,cesar60@bean.com,,,,,,,
957,Laurie,Hutchinson,georgegabriella@burch-harrell.com,,,,,,,
958,Shelly,Green,johnathan92@huff.com,,,,,,,
959,Curtis,Marsh,alvinrivas@mosley.com,,,,,,,
960,Molly,Prince,ewatkins@ewing-brock.org,,,,,,,
961,Jaclyn,Mcmillan,barry52@herring.biz,,,,,,,
962,Alejandra,Harding,uhaley@pena.com,,,,,,,
963,Angie,Salas,kleingregg@melton.net,,,,,,,
964,Krystal,English,theodoreharper@meadows.com,,,,,,,
965,Jenny,Chase,nross@hodge.com,,,,,,,
966,Erika,Collier,lanedorothy@cooper.info,,,,,,,
967,Anthony,Meza,latoyahendricks@wheeler-mitchell.info,,,,,,,
968,Alice,Choi,victor56@glover.com,,,,,,,
969,Malik,Marks,carrillotabitha@leblanc.com,,,,,,,
970,Ruth,Jensen,morsebeverly@farrell.biz,,,,,,,
971,Jack,Boone,ashley91@blevins.com,,,,,,,
972,Charlene,Zamora,sherryburton@robinson.com,,,,,,,
973,Jorge,Mcgrath,hchambers@barrera.biz,,,,,,,
974,Tricia,Harris,madeline80@cooper-middleton.com,,,,,,,
975,Tyrone,Nolan,meadowscarol@solis.biz,,,,,,,
976,Arthur,Pugh,bryce90@chambers.net,,,,,,,
977,Kristie,Oconnor,kellie08@arias.net,,,,,,,
978,Albert,Acosta,caitlyn95@hardy.com,,,,,,,
979,Erin,Deleon,gabriel69@barr-orozco.org,,,,,,,
980,Jasmine,Robles,collinwerner@terrell.com,,,,,,,
981,Kendra,Zamora,pecksamantha@huber.com,,,,,,,
982,Dakota,Salas,murillomarcia@wyatt.info,,,,,,,
983,Jimmy,Wang,fbarrett@steele-blanchard.com,,,,,,,
984,Lisa,Yates,beverlypreston@cook-fuller.info,,,,,,,
985,Collin,White,andrea14@tran-stevens.org,,,,,,,
986,Brittney,Horn,rthornton@hendrix.com,,,,,,,
987,Maureen,Hurst,wolfecody@marshall.net,,,,,,,
988,Cynthia,Greene,chad71@blankenship.org,,,,,,,
989,Maureen,Rivers,duncaneric@salas-huff.org,,,,,,,
990,Garrett,Villa,duncanpedro@higgins-maldonado.com,,,,,,,
991,Bill,Richards,roger88@holden.com,,,,,,,
992,Kiara,Moon,paynesteven@nguyen-richardson.com,,,,,,,
993,Colin,Kaufman,robersonjanice@peterson-herring.com,,,,,,,
994,Evan,Marsh,julia00@mcclure.info,,,,,,,
995,Kristie,Rice,joycecombs@guerra-burns.com,,,,,,,
996,Diana,Monroe,cassidymercado@bonilla.com,,,,,,,
997,Jerry,Morales,gavin13@logan-downs.com,,,,,,,
998,Tracie,Floyd,lowehailey@oconnor.org,,,,,,,
999,Paul,Barnes,hodgeseddie@hardin-wells.com,,,,,,,
1000,Dominic,Duran,owarner@velasquez.info,,,,,,,
